<?xml version="1.0" encoding="UTF-8"?>
<project-private xmlns="http://www.netbeans.org/ns/project-private/1">
    <editor-bookmarks xmlns="http://www.netbeans.org/ns/editor-bookmarks/2" lastBookmarkId="0"/>
    <open-files xmlns="http://www.netbeans.org/ns/projectui-open-files/2">
        <group>
            <file>file:/C:/Users/JeanCarlosPC/Documents/INGENIERIA%20JEAN%20CARLOS/5to%20semestre/Ingeniería%20de%20Software/Sistema%20de%20Ingenieria/union-Jean/araujo-zey/final/interfaz%20JEAN/src/ventanas/HistorialCosmetologica.java</file>
            <file>file:/C:/Users/JeanCarlosPC/Documents/INGENIERIA%20JEAN%20CARLOS/5to%20semestre/Ingeniería%20de%20Software/Sistema%20de%20Ingenieria/union-Jean/araujo-zey/final/interfaz%20JEAN/src/ventanas/Conexion.java</file>
        </group>
    </open-files>
</project-private>
